{"_step":7547,"batch":149,"epoch_loss":0.10282146903065344,"mask_sum":16320,"learning_rate":0.0001707399674405361,"epoch":50,"_wandb":{"runtime":7287},"batch_loss":0.012262235395610332,"image_mean":-0.471444696187973,"_timestamp":1.7512680334228334e+09,"_runtime":7286.414358264}